Order,AreaNumb,Taxon,Rel,Hclust,,,,,,,,,,,,,,,,,,,,,,,,,,,,,,,,,,,,
1,4,Actinobacteria,0.086672941,1,,,,,,,,,,,,,,,,,,,,,,,,,,,,,,,,,,,,
1,4,Bacteroidetes,0.045543529,1,,,,,,,,,,,,,,,,,,,,,,,,,,,,,,,,,,,,
1,4,Cyanobacteria,0.019628235,1,,,,,,,,,,,,,,,,,,,,,,,,,,,,,,,,,,,,
1,4,Firmicutes,0.054607059,1,,,,,,,,,,,,,,,,,,,,,,,,,,,,,,,,,,,,
1,4,Planctomycetes,0.041929412,1,,,,,,,,,,,,,,,,,,,,,,,,,,,,,,,,,,,,
1,4,Proteobacteria,0.60656,1,,,,,,,,,,,,,,,,,,,,,,,,,,,,,,,,,,,,
1,4,Verrucomicrobia,0.036569412,1,,,,,,,,,,,,,,,,,,,,,,,,,,,,,,,,,,,,
1,4,Other,0.108489412,1,,,,,,,,,,,,,,,,,,,,,,,,,,,,,,,,,,,,
2,5,Actinobacteria,0.021645446,1,,,,,,,,,,,,,,,,,,,,,,,,,,,,,,,,,,,,
2,5,Bacteroidetes,0.121351616,1,,,,,,,,,,,,,,,,,,,,,,,,,,,,,,,,,,,,
2,5,Cyanobacteria,0.004799216,1,,,,,,,,,,,,,,,,,,,,,,,,,,,,,,,,,,,,
2,5,Firmicutes,0.090107738,1,,,,,,,,,,,,,,,,,,,,,,,,,,,,,,,,,,,,
2,5,Planctomycetes,0.035063663,1,,,,,,,,,,,,,,,,,,,,,,,,,,,,,,,,,,,,
2,5,Proteobacteria,0.556904995,1,,,,,,,,,,,,,,,,,,,,,,,,,,,,,,,,,,,,
2,5,Verrucomicrobia,0.075024486,1,,,,,,,,,,,,,,,,,,,,,,,,,,,,,,,,,,,,
2,5,Other,0.09510284,1,,,,,,,,,,,,,,,,,,,,,,,,,,,,,,,,,,,,
3,6,Actinobacteria,0,1,,,,,,,,,,,,,,,,,,,,,,,,,,,,,,,,,,,,
3,6,Bacteroidetes,0.153801509,1,,,,,,,,,,,,,,,,,,,,,,,,,,,,,,,,,,,,
3,6,Cyanobacteria,0.001741149,1,,,,,,,,,,,,,,,,,,,,,,,,,,,,,,,,,,,,
3,6,Firmicutes,0.138131167,1,,,,,,,,,,,,,,,,,,,,,,,,,,,,,,,,,,,,
3,6,Planctomycetes,0,1,,,,,,,,,,,,,,,,,,,,,,,,,,,,,,,,,,,,
3,6,Proteobacteria,0.655252467,1,,,,,,,,,,,,,,,,,,,,,,,,,,,,,,,,,,,,
3,6,Verrucomicrobia,0.002321532,1,,,,,,,,,,,,,,,,,,,,,,,,,,,,,,,,,,,,
3,6,Other,0.048752176,1,,,,,,,,,,,,,,,,,,,,,,,,,,,,,,,,,,,,
4,13,Actinobacteria,0.02163823,1,,,,,,,,,,,,,,,,,,,,,,,,,,,,,,,,,,,,
4,13,Bacteroidetes,0.117408642,1,,,,,,,,,,,,,,,,,,,,,,,,,,,,,,,,,,,,
4,13,Cyanobacteria,0.029744394,1,,,,,,,,,,,,,,,,,,,,,,,,,,,,,,,,,,,,
4,13,Firmicutes,0.019415572,1,,,,,,,,,,,,,,,,,,,,,,,,,,,,,,,,,,,,
4,13,Planctomycetes,0.010982546,1,,,,,,,,,,,,,,,,,,,,,,,,,,,,,,,,,,,,
4,13,Proteobacteria,0.715695888,1,,,,,,,,,,,,,,,,,,,,,,,,,,,,,,,,,,,,
4,13,Verrucomicrobia,0.038961888,1,,,,,,,,,,,,,,,,,,,,,,,,,,,,,,,,,,,,
4,13,Other,0.04615284,1,,,,,,,,,,,,,,,,,,,,,,,,,,,,,,,,,,,,
5,26,Actinobacteria,0.02743381,1,,,,,,,,,,,,,,,,,,,,,,,,,,,,,,,,,,,,
5,26,Bacteroidetes,0.163166176,1,,,,,,,,,,,,,,,,,,,,,,,,,,,,,,,,,,,,
5,26,Cyanobacteria,0.047136895,1,,,,,,,,,,,,,,,,,,,,,,,,,,,,,,,,,,,,
5,26,Firmicutes,0.017308613,1,,,,,,,,,,,,,,,,,,,,,,,,,,,,,,,,,,,,
5,26,Planctomycetes,0.010125197,1,,,,,,,,,,,,,,,,,,,,,,,,,,,,,,,,,,,,
5,26,Proteobacteria,0.603885886,1,,,,,,,,,,,,,,,,,,,,,,,,,,,,,,,,,,,,
5,26,Verrucomicrobia,0.093316002,1,,,,,,,,,,,,,,,,,,,,,,,,,,,,,,,,,,,,
5,26,Other,0.037627421,1,,,,,,,,,,,,,,,,,,,,,,,,,,,,,,,,,,,,
6,83,Actinobacteria,0.029687328,1,,,,,,,,,,,,,,,,,,,,,,,,,,,,,,,,,,,,
6,83,Bacteroidetes,0.087188154,1,,,,,,,,,,,,,,,,,,,,,,,,,,,,,,,,,,,,
6,83,Cyanobacteria,0.014843664,1,,,,,,,,,,,,,,,,,,,,,,,,,,,,,,,,,,,,
6,83,Firmicutes,0.039056472,1,,,,,,,,,,,,,,,,,,,,,,,,,,,,,,,,,,,,
6,83,Planctomycetes,0.002939339,1,,,,,,,,,,,,,,,,,,,,,,,,,,,,,,,,,,,,
6,83,Proteobacteria,0.702502113,1,,,,,,,,,,,,,,,,,,,,,,,,,,,,,,,,,,,,
6,83,Verrucomicrobia,0.0969982,1,,,,,,,,,,,,,,,,,,,,,,,,,,,,,,,,,,,,
6,83,Other,0.02678473,1,,,,,,,,,,,,,,,,,,,,,,,,,,,,,,,,,,,,
7,86,Actinobacteria,0.009433962,1,,,,,,,,,,,,,,,,,,,,,,,,,,,,,,,,,,,,
7,86,Bacteroidetes,0.024871355,1,,,,,,,,,,,,,,,,,,,,,,,,,,,,,,,,,,,,
7,86,Cyanobacteria,0.003001715,1,,,,,,,,,,,,,,,,,,,,,,,,,,,,,,,,,,,,
7,86,Firmicutes,0.02672956,1,,,,,,,,,,,,,,,,,,,,,,,,,,,,,,,,,,,973,Firmicutes
7,86,Planctomycetes,0.000857633,1,,,,,,,,,,,,,,,,,,,,,,,,,,,,,,,,,,,,
7,86,Proteobacteria,0.92481418,1,,,,,,,,,,,,,,,,,,,,,,,,,,,,,,,,,,,,
7,86,Verrucomicrobia,0.004002287,1,,,,,,,,,,,,,,,,,,,,,,,,,,,,,,,,,,,,
7,86,Other,0.006289308,1,,,,,,,,,,,,,,,,,,,,,,,,,,,,,,,,,,,,
8,88,Actinobacteria,0.012906557,1,,,,,,,,,,,,,,,,,,,,,,,,,,,,,,,,,,,,
8,88,Bacteroidetes,0.132564676,1,,,,,,,,,,,,,,,,,,,,,,,,,,,,,,,,,,,,
8,88,Cyanobacteria,0.047266678,1,,,,,,,,,,,,,,,,,,,,,,,,,,,,,,,,,,,,
8,88,Firmicutes,0.019847416,1,,,,,,,,,,,,,,,,,,,,,,,,,,,,,,,,,,,,
8,88,Planctomycetes,0.010784145,1,,,,,,,,,,,,,,,,,,,,,,,,,,,,,,,,,,,,
8,88,Proteobacteria,0.656341421,1,,,,,,,,,,,,,,,,,,,,,,,,,,,,,,,,,,,,
8,88,Verrucomicrobia,0.098548729,1,,,,,,,,,,,,,,,,,,,,,,,,,,,,,,,,,,,,
8,88,Other,0.021740378,1,,,,,,,,,,,,,,,,,,,,,,,,,,,,,,,,,,,,
9,158,Actinobacteria,0.021304376,1,,,,,,,,,,,,,,,,,,,,,,,,,,,,,,,,,,,,
9,158,Bacteroidetes,0.163471373,1,,,,,,,,,,,,,,,,,,,,,,,,,,,,,,,,,,,,
9,158,Cyanobacteria,0.013470285,1,,,,,,,,,,,,,,,,,,,,,,,,,,,,,,,,,,,,
9,158,Firmicutes,0.158052793,1,,,,,,,,,,,,,,,,,,,,,,,,,,,,,,,,,,,,
9,158,Planctomycetes,0.01451483,1,,,,,,,,,,,,,,,,,,,,,,,,,,,,,,,,,,,,
9,158,Proteobacteria,0.535982417,1,,,,,,,,,,,,,,,,,,,,,,,,,,,,,,,,,,,,
9,158,Verrucomicrobia,0.036711423,1,,,,,,,,,,,,,,,,,,,,,,,,,,,,,,,,,,,,
9,158,Other,0.056492503,1,,,,,,,,,,,,,,,,,,,,,,,,,,,,,,,,,,,,
10,189,Actinobacteria,0.005339979,1,,,,,,,,,,,,,,,,,,,,,,,,,,,,,,,,,,,,
10,189,Bacteroidetes,0.10868128,1,,,,,,,,,,,,,,,,,,,,,,,,,,,,,,,,,,,,
10,189,Cyanobacteria,0.002695418,1,,,,,,,,,,,,,,,,,,,,,,,,,,,,,,,,,,,,
10,189,Firmicutes,0.020749631,1,,,,,,,,,,,,,,,,,,,,,,,,,,,,,,,,,,,,
10,189,Planctomycetes,0.001118853,1,,,,,,,,,,,,,,,,,,,,,,,,,,,,,,,,,,,,
10,189,Proteobacteria,0.829374968,1,,,,,,,,,,,,,,,,,,,,,,,,,,,,,,,,,,,,
10,189,Verrucomicrobia,0.02176677,1,,,,,,,,,,,,,,,,,,,,,,,,,,,,,,,,,,,,
10,189,Other,0.010273101,1,,,,,,,,,,,,,,,,,,,,,,,,,,,,,,,,,,,,
11,245,Actinobacteria,0.014360313,1,,,,,,,,,,,,,,,,,,,,,,,,,,,,,,,,,,,,
11,245,Bacteroidetes,0.028720627,1,,,,,,,,,,,,,,,,,,,,,,,,,,,,,,,,,,,,
11,245,Cyanobacteria,0.011749347,1,,,,,,,,,,,,,,,,,,,,,,,,,,,,,,,,,,,,
11,245,Firmicutes,0.357049608,1,,,,,,,,,,,,,,,,,,,,,,,,,,,,,,,,,,,,
11,245,Planctomycetes,0.003916449,1,,,,,,,,,,,,,,,,,,,,,,,,,,,,,,,,,,,,
11,245,Proteobacteria,0.515013055,1,,,,,,,,,,,,,,,,,,,,,,,,,,,,,,,,,,,,
11,245,Verrucomicrobia,0.009138381,1,,,,,,,,,,,,,,,,,,,,,,,,,,,,,,,,,,,,
11,245,Other,0.06005222,1,,,,,,,,,,,,,,,,,,,,,,,,,,,,,,,,,,,,
12,247,Actinobacteria,0.009508476,1,,,,,,,,,,,,,,,,,,,,,,,,,,,,,,,,,,,,
12,247,Bacteroidetes,0.474087126,1,,,,,,,,,,,,,,,,,,,,,,,,,,,,,,,,,,,,
12,247,Cyanobacteria,0.001731575,1,,,,,,,,,,,,,,,,,,,,,,,,,,,,,,,,,,,,
12,247,Firmicutes,0.08108026,1,,,,,,,,,,,,,,,,,,,,,,,,,,,,,,,,,,,,
12,247,Planctomycetes,0.000151893,1,,,,,,,,,,,,,,,,,,,,,,,,,,,,,,,,,,,,
12,247,Proteobacteria,0.415881888,1,,,,,,,,,,,,,,,,,,,,,,,,,,,,,,,,,,,,
12,247,Verrucomicrobia,0.002096118,1,,,,,,,,,,,,,,,,,,,,,,,,,,,,,,,,,,,,
12,247,Other,0.015462664,1,,,,,,,,,,,,,,,,,,,,,,,,,,,,,,,,,,,,
13,251,Actinobacteria,0.014925373,1,,,,,,,,,,,,,,,,,,,,,,,,,,,,,,,,,,,,
13,251,Bacteroidetes,0.13381369,1,,,,,,,,,,,,,,,,,,,,,,,,,,,,,,,,,,,,
13,251,Cyanobacteria,0.024360954,1,,,,,,,,,,,,,,,,,,,,,,,,,,,,,,,,,,,,
13,251,Firmicutes,0.003774232,1,,,,,,,,,,,,,,,,,,,,,,,,,,,,,,,,,,,,
13,251,Planctomycetes,0.003259564,1,,,,,,,,,,,,,,,,,,,,,,,,,,,,,,,,,,,,
13,251,Proteobacteria,0.751243781,1,,,,,,,,,,,,,,,,,,,,,,,,,,,,,,,,,,,,
13,251,Verrucomicrobia,0.050094356,1,,,,,,,,,,,,,,,,,,,,,,,,,,,,,,,,,,,,
13,251,Other,0.01852805,1,,,,,,,,,,,,,,,,,,,,,,,,,,,,,,,,,,,,
14,253,Actinobacteria,0.016836086,1,,,,,,,,,,,,,,,,,,,,,,,,,,,,,,,,,,,,
14,253,Bacteroidetes,0.142206692,1,,,,,,,,,,,,,,,,,,,,,,,,,,,,,,,,,,,,
14,253,Cyanobacteria,0.021918679,1,,,,,,,,,,,,,,,,,,,,,,,,,,,,,,,,,,,,
14,253,Firmicutes,0.008682762,1,,,,,,,,,,,,,,,,,,,,,,,,,,,,,,,,,,,,
14,253,Planctomycetes,0.005294367,1,,,,,,,,,,,,,,,,,,,,,,,,,,,,,,,,,,,,
14,253,Proteobacteria,0.750635324,1,,,,,,,,,,,,,,,,,,,,,,,,,,,,,,,,,,,,
14,253,Verrucomicrobia,0.039390089,1,,,,,,,,,,,,,,,,,,,,,,,,,,,,,,,,,,,,
14,253,Other,0.015036001,1,,,,,,,,,,,,,,,,,,,,,,,,,,,,,,,,,,,,
15,254,Actinobacteria,0.007756563,1,,,,,,,,,,,,,,,,,,,,,,,,,,,,,,,,,,,,
15,254,Bacteroidetes,0.136634845,1,,,,,,,,,,,,,,,,,,,,,,,,,,,,,,,,,,,,
15,254,Cyanobacteria,0.002386635,1,,,,,,,,,,,,,,,,,,,,,,,,,,,,,,,,,,,,
15,254,Firmicutes,0.045942721,1,,,,,,,,,,,,,,,,,,,,,,,,,,,,,,,,,,,,
15,254,Planctomycetes,0.005966587,1,,,,,,,,,,,,,,,,,,,,,,,,,,,,,,,,,,,,
15,254,Proteobacteria,0.763126492,1,,,,,,,,,,,,,,,,,,,,,,,,,,,,,,,,,,,,
15,254,Verrucomicrobia,0.01372315,1,,,,,,,,,,,,,,,,,,,,,,,,,,,,,,,,,,,,
15,254,Other,0.024463007,1,,,,,,,,,,,,,,,,,,,,,,,,,,,,,,,,,,,,
16,256,Actinobacteria,0.024582583,1,,,,,,,,,,,,,,,,,,,,,,,,,,,,,,,,,,,,
16,256,Bacteroidetes,0.087718444,1,,,,,,,,,,,,,,,,,,,,,,,,,,,,,,,,,,,,
16,256,Cyanobacteria,0.005354622,1,,,,,,,,,,,,,,,,,,,,,,,,,,,,,,,,,,,,
16,256,Firmicutes,0.023511658,1,,,,,,,,,,,,,,,,,,,,,,,,,,,,,,,,,,,,
16,256,Planctomycetes,0.025166723,1,,,,,,,,,,,,,,,,,,,,,,,,,,,,,,,,,,,,
16,256,Proteobacteria,0.686267828,1,,,,,,,,,,,,,,,,,,,,,,,,,,,,,,,,,,,,
16,256,Verrucomicrobia,0.116097941,1,,,,,,,,,,,,,,,,,,,,,,,,,,,,,,,,,,,,
16,256,Other,0.031300201,1,,,,,,,,,,,,,,,,,,,,,,,,,,,,,,,,,,,,
17,319,Actinobacteria,0.003145469,1,,,,,,,,,,,,,,,,,,,,,,,,,,,,,,,,,,,,
17,319,Bacteroidetes,0.118787699,1,,,,,,,,,,,,,,,,,,,,,,,,,,,,,,,,,,,,
17,319,Cyanobacteria,0.002035303,1,,,,,,,,,,,,,,,,,,,,,,,,,,,,,,,,,,,,
17,319,Firmicutes,0.084409577,1,,,,,,,,,,,,,,,,,,,,,,,,,,,,,,,,,,,,
17,319,Planctomycetes,0.000481072,1,,,,,,,,,,,,,,,,,,,,,,,,,,,,,,,,,,,,
17,319,Proteobacteria,0.762535618,1,,,,,,,,,,,,,,,,,,,,,,,,,,,,,,,,,,,,
17,319,Verrucomicrobia,0.00288643,1,,,,,,,,,,,,,,,,,,,,,,,,,,,,,,,,,,,,
17,319,Other,0.025718832,1,,,,,,,,,,,,,,,,,,,,,,,,,,,,,,,,,,,,
18,335,Actinobacteria,0.013797241,1,,,,,,,,,,,,,,,,,,,,,,,,,,,,,,,,,,,,
18,335,Bacteroidetes,0.106560506,1,,,,,,,,,,,,,,,,,,,,,,,,,,,,,,,,,,,,
18,335,Cyanobacteria,0.013251895,1,,,,,,,,,,,,,,,,,,,,,,,,,,,,,,,,,,,,
18,335,Firmicutes,0.167257458,1,,,,,,,,,,,,,,,,,,,,,,,,,,,,,,,,,,,,
18,335,Planctomycetes,0.00359928,1,,,,,,,,,,,,,,,,,,,,,,,,,,,,,,,,,,,,
18,335,Proteobacteria,0.590063805,1,,,,,,,,,,,,,,,,,,,,,,,,,,,,,,,,,,,,
18,335,Verrucomicrobia,0.020995801,1,,,,,,,,,,,,,,,,,,,,,,,,,,,,,,,,,,,,
18,335,Other,0.084474014,1,,,,,,,,,,,,,,,,,,,,,,,,,,,,,,,,,,,,
19,340,Actinobacteria,0.070933193,1,,,,,,,,,,,,,,,,,,,,,,,,,,,,,,,,,,,,
19,340,Bacteroidetes,0.158897375,1,,,,,,,,,,,,,,,,,,,,,,,,,,,,,,,,,,,,
19,340,Cyanobacteria,0.010534633,1,,,,,,,,,,,,,,,,,,,,,,,,,,,,,,,,,,,,
19,340,Firmicutes,0.022825037,1,,,,,,,,,,,,,,,,,,,,,,,,,,,,,,,,,,,,
19,340,Planctomycetes,0.019752436,1,,,,,,,,,,,,,,,,,,,,,,,,,,,,,,,,,,,,
19,340,Proteobacteria,0.607497147,1,,,,,,,,,,,,,,,,,,,,,,,,,,,,,,,,,,,,
19,340,Verrucomicrobia,0.072688965,1,,,,,,,,,,,,,,,,,,,,,,,,,,,,,,,,,,,,
19,340,Other,0.036871214,1,,,,,,,,,,,,,,,,,,,,,,,,,,,,,,,,,,,,
20,369,Actinobacteria,0.049878562,1,,,,,,,,,,,,,,,,,,,,,,,,,,,,,,,,,,,,
20,369,Bacteroidetes,0.038978733,1,,,,,,,,,,,,,,,,,,,,,,,,,,,,,,,,,,,,
20,369,Cyanobacteria,0.018245365,1,,,,,,,,,,,,,,,,,,,,,,,,,,,,,,,,,,,,
20,369,Firmicutes,0.25460577,1,,,,,,,,,,,,,,,,,,,,,,,,,,,,,,,,,,,,
20,369,Planctomycetes,0.010070493,1,,,,,,,,,,,,,,,,,,,,,,,,,,,,,,,,,,,,
20,369,Proteobacteria,0.478229963,1,,,,,,,,,,,,,,,,,,,,,,,,,,,,,,,,,,,,
20,369,Verrucomicrobia,0.021444227,1,,,,,,,,,,,,,,,,,,,,,,,,,,,,,,,,,,,,
20,369,Other,0.128546887,1,,,,,,,,,,,,,,,,,,,,,,,,,,,,,,,,,,,,
21,371,Actinobacteria,0.012488738,1,,,,,,,,,,,,,,,,,,,,,,,,,,,,,,,,,,,,
21,371,Bacteroidetes,0.081580664,1,,,,,,,,,,,,,,,,,,,,,,,,,,,,,,,,,,,,
21,371,Cyanobacteria,0.00276492,1,,,,,,,,,,,,,,,,,,,,,,,,,,,,,,,,,,,,
21,371,Firmicutes,0.11423157,1,,,,,,,,,,,,,,,,,,,,,,,,,,,,,,,,,,,,
21,371,Planctomycetes,0.001646525,1,,,,,,,,,,,,,,,,,,,,,,,,,,,,,,,,,,,,
21,371,Proteobacteria,0.777905496,1,,,,,,,,,,,,,,,,,,,,,,,,,,,,,,,,,,,,
21,371,Verrucomicrobia,0.00329305,1,,,,,,,,,,,,,,,,,,,,,,,,,,,,,,,,,,,,
21,371,Other,0.006089037,1,,,,,,,,,,,,,,,,,,,,,,,,,,,,,,,,,,,,
22,391,Actinobacteria,0.039310814,1,,,,,,,,,,,,,,,,,,,,,,,,,,,,,,,,,,,,
22,391,Bacteroidetes,0.093674904,1,,,,,,,,,,,,,,,,,,,,,,,,,,,,,,,,,,,,
22,391,Cyanobacteria,0.014101111,1,,,,,,,,,,,,,,,,,,,,,,,,,,,,,,,,,,,,
22,391,Firmicutes,0.023260032,1,,,,,,,,,,,,,,,,,,,,,,,,,,,,,,,,,,,,
22,391,Planctomycetes,0.010927227,1,,,,,,,,,,,,,,,,,,,,,,,,,,,,,,,,,,,,
22,391,Proteobacteria,0.718431195,1,,,,,,,,,,,,,,,,,,,,,,,,,,,,,,,,,,,,
22,391,Verrucomicrobia,0.076218545,1,,,,,,,,,,,,,,,,,,,,,,,,,,,,,,,,,,,,
22,391,Other,0.024076172,1,,,,,,,,,,,,,,,,,,,,,,,,,,,,,,,,,,,,
23,417,Actinobacteria,0.010624566,1,,,,,,,,,,,,,,,,,,,,,,,,,,,,,,,,,,,,
23,417,Bacteroidetes,0.114056863,1,,,,,,,,,,,,,,,,,,,,,,,,,,,,,,,,,,,,
23,417,Cyanobacteria,0.049581306,1,,,,,,,,,,,,,,,,,,,,,,,,,,,,,,,,,,,,
23,417,Firmicutes,0.020355476,1,,,,,,,,,,,,,,,,,,,,,,,,,,,,,,,,,,,,
23,417,Planctomycetes,0.004302784,1,,,,,,,,,,,,,,,,,,,,,,,,,,,,,,,,,,,,
23,417,Proteobacteria,0.54433522,1,,,,,,,,,,,,,,,,,,,,,,,,,,,,,,,,,,,,
23,417,Verrucomicrobia,0.040611657,1,,,,,,,,,,,,,,,,,,,,,,,,,,,,,,,,,,,,
23,417,Other,0.216132128,1,,,,,,,,,,,,,,,,,,,,,,,,,,,,,,,,,,,,
24,465,Actinobacteria,0.020341981,1,,,,,,,,,,,,,,,,,,,,,,,,,,,,,,,,,,,,
24,465,Bacteroidetes,0.04245283,1,,,,,,,,,,,,,,,,,,,,,,,,,,,,,,,,,,,,
24,465,Cyanobacteria,0.016509434,1,,,,,,,,,,,,,,,,,,,,,,,,,,,,,,,,,,,,
24,465,Firmicutes,0.200766509,1,,,,,,,,,,,,,,,,,,,,,,,,,,,,,,,,,,,,
24,465,Planctomycetes,0.002948113,1,,,,,,,,,,,,,,,,,,,,,,,,,,,,,,,,,,,,
24,465,Proteobacteria,0.675707547,1,,,,,,,,,,,,,,,,,,,,,,,,,,,,,,,,,,,,
24,465,Verrucomicrobia,0.009139151,1,,,,,,,,,,,,,,,,,,,,,,,,,,,,,,,,,,,,
24,465,Other,0.032134435,1,,,,,,,,,,,,,,,,,,,,,,,,,,,,,,,,,,,,
25,513,Actinobacteria,0.228203005,1,,,,,,,,,,,,,,,,,,,,,,,,,,,,,,,,,,,,
25,513,Bacteroidetes,0.057849284,1,,,,,,,,,,,,,,,,,,,,,,,,,,,,,,,,,,,,
25,513,Cyanobacteria,0.007452975,1,,,,,,,,,,,,,,,,,,,,,,,,,,,,,,,,,,,,
25,513,Firmicutes,0.006388265,1,,,,,,,,,,,,,,,,,,,,,,,,,,,,,,,,,,,,
25,513,Planctomycetes,0.004850349,1,,,,,,,,,,,,,,,,,,,,,,,,,,,,,,,,,,,,
25,513,Proteobacteria,0.659765764,1,,,,,,,,,,,,,,,,,,,,,,,,,,,,,,,,,,,,
25,513,Verrucomicrobia,0.022595528,1,,,,,,,,,,,,,,,,,,,,,,,,,,,,,,,,,,,,
25,513,Other,0.01289483,1,,,,,,,,,,,,,,,,,,,,,,,,,,,,,,,,,,,,
26,515,Actinobacteria,0.123464661,1,,,,,,,,,,,,,,,,,,,,,,,,,,,,,,,,,,,,
26,515,Bacteroidetes,0.136809894,1,,,,,,,,,,,,,,,,,,,,,,,,,,,,,,,,,,,,
26,515,Cyanobacteria,0.006970122,1,,,,,,,,,,,,,,,,,,,,,,,,,,,,,,,,,,,,
26,515,Firmicutes,0.016405287,1,,,,,,,,,,,,,,,,,,,,,,,,,,,,,,,,,,,,
26,515,Planctomycetes,0.020145353,1,,,,,,,,,,,,,,,,,,,,,,,,,,,,,,,,,,,,
26,515,Proteobacteria,0.502443793,1,,,,,,,,,,,,,,,,,,,,,,,,,,,,,,,,,,,,
26,515,Verrucomicrobia,0.148285095,1,,,,,,,,,,,,,,,,,,,,,,,,,,,,,,,,,,,,
26,515,Other,0.045475795,1,,,,,,,,,,,,,,,,,,,,,,,,,,,,,,,,,,,,
27,522,Actinobacteria,0.284237726,1,,,,,,,,,,,,,,,,,,,,,,,,,,,,,,,,,,,,
27,522,Bacteroidetes,0.12833764,1,,,,,,,,,,,,,,,,,,,,,,,,,,,,,,,,,,,,
27,522,Cyanobacteria,0,1,,,,,,,,,,,,,,,,,,,,,,,,,,,,,,,,,,,,
27,522,Firmicutes,0.018518519,1,,,,,,,,,,,,,,,,,,,,,,,,,,,,,,,,,,,,
27,522,Planctomycetes,0.000861326,1,,,,,,,,,,,,,,,,,,,,,,,,,,,,,,,,,,,,
27,522,Proteobacteria,0.519379845,1,,,,,,,,,,,,,,,,,,,,,,,,,,,,,,,,,,,,
27,522,Verrucomicrobia,0.034883721,1,,,,,,,,,,,,,,,,,,,,,,,,,,,,,,,,,,,,
27,522,Other,0.013781223,1,,,,,,,,,,,,,,,,,,,,,,,,,,,,,,,,,,,,
28,523,Actinobacteria,0.017932833,1,,,,,,,,,,,,,,,,,,,,,,,,,,,,,,,,,,,,
28,523,Bacteroidetes,0.053037713,1,,,,,,,,,,,,,,,,,,,,,,,,,,,,,,,,,,,,
28,523,Cyanobacteria,0.008151288,1,,,,,,,,,,,,,,,,,,,,,,,,,,,,,,,,,,,,
28,523,Firmicutes,0.131507445,1,,,,,,,,,,,,,,,,,,,,,,,,,,,,,,,,,,,,
28,523,Planctomycetes,0.000434735,1,,,,,,,,,,,,,,,,,,,,,,,,,,,,,,,,,,,,
28,523,Proteobacteria,0.775785241,1,,,,,,,,,,,,,,,,,,,,,,,,,,,,,,,,,,,,
28,523,Verrucomicrobia,0.003803934,1,,,,,,,,,,,,,,,,,,,,,,,,,,,,,,,,,,,,
28,523,Other,0.009346811,1,,,,,,,,,,,,,,,,,,,,,,,,,,,,,,,,,,,,
29,526,Actinobacteria,0.008587365,1,,,,,,,,,,,,,,,,,,,,,,,,,,,,,,,,,,,,
29,526,Bacteroidetes,0.029549877,1,,,,,,,,,,,,,,,,,,,,,,,,,,,,,,,,,,,,
29,526,Cyanobacteria,0.00729018,1,,,,,,,,,,,,,,,,,,,,,,,,,,,,,,,,,,,,
29,526,Firmicutes,0.062238941,1,,,,,,,,,,,,,,,,,,,,,,,,,,,,,,,,,,,,
29,526,Planctomycetes,0.001426904,1,,,,,,,,,,,,,,,,,,,,,,,,,,,,,,,,,,,,
29,526,Proteobacteria,0.837332987,1,,,,,,,,,,,,,,,,,,,,,,,,,,,,,,,,,,,,
29,526,Verrucomicrobia,0.009625114,1,,,,,,,,,,,,,,,,,,,,,,,,,,,,,,,,,,,,
29,526,Other,0.043948632,1,,,,,,,,,,,,,,,,,,,,,,,,,,,,,,,,,,,,
30,530,Actinobacteria,0.037332311,1,,,,,,,,,,,,,,,,,,,,,,,,,,,,,,,,,,,,
30,530,Bacteroidetes,0.259563051,1,,,,,,,,,,,,,,,,,,,,,,,,,,,,,,,,,,,,
30,530,Cyanobacteria,0.020007666,1,,,,,,,,,,,,,,,,,,,,,,,,,,,,,,,,,,,,
30,530,Firmicutes,0.007282484,1,,,,,,,,,,,,,,,,,,,,,,,,,,,,,,,,,,,,
30,530,Planctomycetes,0.007819088,1,,,,,,,,,,,,,,,,,,,,,,,,,,,,,,,,,,,,
30,530,Proteobacteria,0.576312764,1,,,,,,,,,,,,,,,,,,,,,,,,,,,,,,,,,,,,
30,530,Verrucomicrobia,0.049750862,1,,,,,,,,,,,,,,,,,,,,,,,,,,,,,,,,,,,,
30,530,Other,0.041931774,1,,,,,,,,,,,,,,,,,,,,,,,,,,,,,,,,,,,,
31,552,Actinobacteria,0.003906937,1,,,,,,,,,,,,,,,,,,,,,,,,,,,,,,,,,,,,
31,552,Bacteroidetes,0.191791912,1,,,,,,,,,,,,,,,,,,,,,,,,,,,,,,,,,,,,
31,552,Cyanobacteria,0.025060716,1,,,,,,,,,,,,,,,,,,,,,,,,,,,,,,,,,,,,
31,552,Firmicutes,0.228960614,1,,,,,,,,,,,,,,,,,,,,,,,,,,,,,,,,,,,,
31,552,Planctomycetes,0.003062194,1,,,,,,,,,,,,,,,,,,,,,,,,,,,,,,,,,,,,
31,552,Proteobacteria,0.457639647,1,,,,,,,,,,,,,,,,,,,,,,,,,,,,,,,,,,,,
31,552,Verrucomicrobia,0.015275773,1,,,,,,,,,,,,,,,,,,,,,,,,,,,,,,,,,,,,
31,552,Other,0.074302207,1,,,,,,,,,,,,,,,,,,,,,,,,,,,,,,,,,,,,
32,556,Actinobacteria,0.030760217,1,,,,,,,,,,,,,,,,,,,,,,,,,,,,,,,,,,,,
32,556,Bacteroidetes,0.035593965,1,,,,,,,,,,,,,,,,,,,,,,,,,,,,,,,,,,,,
32,556,Cyanobacteria,0.019408232,1,,,,,,,,,,,,,,,,,,,,,,,,,,,,,,,,,,,,
32,556,Firmicutes,0.130584444,1,,,,,,,,,,,,,,,,,,,,,,,,,,,,,,,,,,,,
32,556,Planctomycetes,0.016844881,1,,,,,,,,,,,,,,,,,,,,,,,,,,,,,,,,,,,,
32,556,Proteobacteria,0.607001611,1,,,,,,,,,,,,,,,,,,,,,,,,,,,,,,,,,,,,
32,556,Verrucomicrobia,0.025487037,1,,,,,,,,,,,,,,,,,,,,,,,,,,,,,,,,,,,,
32,556,Other,0.134319613,1,,,,,,,,,,,,,,,,,,,,,,,,,,,,,,,,,,,,
33,558,Actinobacteria,0.034355375,1,,,,,,,,,,,,,,,,,,,,,,,,,,,,,,,,,,,,
33,558,Bacteroidetes,0.0701884,1,,,,,,,,,,,,,,,,,,,,,,,,,,,,,,,,,,,,
33,558,Cyanobacteria,0.147765054,1,,,,,,,,,,,,,,,,,,,,,,,,,,,,,,,,,,,,
33,558,Firmicutes,0.007757665,1,,,,,,,,,,,,,,,,,,,,,,,,,,,,,,,,,,,,
33,558,Planctomycetes,0.005725896,1,,,,,,,,,,,,,,,,,,,,,,,,,,,,,,,,,,,,
33,558,Proteobacteria,0.710011082,1,,,,,,,,,,,,,,,,,,,,,,,,,,,,,,,,,,,,
33,558,Verrucomicrobia,0.014407093,1,,,,,,,,,,,,,,,,,,,,,,,,,,,,,,,,,,,,
33,558,Other,0.009789435,1,,,,,,,,,,,,,,,,,,,,,,,,,,,,,,,,,,,,
34,559,Actinobacteria,0.062192205,1,,,,,,,,,,,,,,,,,,,,,,,,,,,,,,,,,,,,
34,559,Bacteroidetes,0.104263402,1,,,,,,,,,,,,,,,,,,,,,,,,,,,,,,,,,,,,
34,559,Cyanobacteria,0.089911355,1,,,,,,,,,,,,,,,,,,,,,,,,,,,,,,,,,,,,
34,559,Firmicutes,0.01041227,1,,,,,,,,,,,,,,,,,,,,,,,,,,,,,,,,,,,,
34,559,Planctomycetes,0.000984944,1,,,,,,,,,,,,,,,,,,,,,,,,,,,,,,,,,,,,
34,559,Proteobacteria,0.699451245,1,,,,,,,,,,,,,,,,,,,,,,,,,,,,,,,,,,,,
34,559,Verrucomicrobia,0.019980301,1,,,,,,,,,,,,,,,,,,,,,,,,,,,,,,,,,,,,
34,559,Other,0.012804278,1,,,,,,,,,,,,,,,,,,,,,,,,,,,,,,,,,,,,
35,565,Actinobacteria,0.003932962,1,,,,,,,,,,,,,,,,,,,,,,,,,,,,,,,,,,,,
35,565,Bacteroidetes,0.054352833,1,,,,,,,,,,,,,,,,,,,,,,,,,,,,,,,,,,,,
35,565,Cyanobacteria,0.129433441,1,,,,,,,,,,,,,,,,,,,,,,,,,,,,,,,,,,,,
35,565,Firmicutes,0.025192219,1,,,,,,,,,,,,,,,,,,,,,,,,,,,,,,,,,,,,
35,565,Planctomycetes,0.01438543,1,,,,,,,,,,,,,,,,,,,,,,,,,,,,,,,,,,,,
35,565,Proteobacteria,0.731920774,1,,,,,,,,,,,,,,,,,,,,,,,,,,,,,,,,,,,,
35,565,Verrucomicrobia,0.008326542,1,,,,,,,,,,,,,,,,,,,,,,,,,,,,,,,,,,,,
35,565,Other,0.032455799,1,,,,,,,,,,,,,,,,,,,,,,,,,,,,,,,,,,,,
36,567,Actinobacteria,0.109729009,1,,,,,,,,,,,,,,,,,,,,,,,,,,,,,,,,,,,,
36,567,Bacteroidetes,0.126166148,1,,,,,,,,,,,,,,,,,,,,,,,,,,,,,,,,,,,,
36,567,Cyanobacteria,0.003553976,1,,,,,,,,,,,,,,,,,,,,,,,,,,,,,,,,,,,,
36,567,Firmicutes,0.012883163,1,,,,,,,,,,,,,,,,,,,,,,,,,,,,,,,,,,,,
36,567,Planctomycetes,0.023100844,1,,,,,,,,,,,,,,,,,,,,,,,,,,,,,,,,,,,,
36,567,Proteobacteria,0.686361617,1,,,,,,,,,,,,,,,,,,,,,,,,,,,,,,,,,,,,
36,567,Verrucomicrobia,0.030653043,1,,,,,,,,,,,,,,,,,,,,,,,,,,,,,,,,,,,,
36,567,Other,0.0075522,1,,,,,,,,,,,,,,,,,,,,,,,,,,,,,,,,,,,,
37,587,Actinobacteria,0.000604014,1,,,,,,,,,,,,,,,,,,,,,,,,,,,,,,,,,,,,
37,587,Bacteroidetes,0.114186091,1,,,,,,,,,,,,,,,,,,,,,,,,,,,,,,,,,,,,
37,587,Cyanobacteria,0.093704527,1,,,,,,,,,,,,,,,,,,,,,,,,,,,,,,,,,,,,
37,587,Firmicutes,0.065178596,1,,,,,,,,,,,,,,,,,,,,,,,,,,,,,,,,,,,,
37,587,Planctomycetes,0.004639925,1,,,,,,,,,,,,,,,,,,,,,,,,,,,,,,,,,,,,
37,587,Proteobacteria,0.663976059,1,,,,,,,,,,,,,,,,,,,,,,,,,,,,,,,,,,,,
37,587,Verrucomicrobia,0.031161629,1,,,,,,,,,,,,,,,,,,,,,,,,,,,,,,,,,,,,
37,587,Other,0.026549159,1,,,,,,,,,,,,,,,,,,,,,,,,,,,,,,,,,,,,
38,590,Actinobacteria,0.040335168,1,,,,,,,,,,,,,,,,,,,,,,,,,,,,,,,,,,,,
38,590,Bacteroidetes,0.115419371,1,,,,,,,,,,,,,,,,,,,,,,,,,,,,,,,,,,,,
38,590,Cyanobacteria,0.003121663,1,,,,,,,,,,,,,,,,,,,,,,,,,,,,,,,,,,,,
38,590,Firmicutes,0.018483529,1,,,,,,,,,,,,,,,,,,,,,,,,,,,,,,,,,,,,
38,590,Planctomycetes,0.061858211,1,,,,,,,,,,,,,,,,,,,,,,,,,,,,,,,,,,,,
38,590,Proteobacteria,0.545469482,1,,,,,,,,,,,,,,,,,,,,,,,,,,,,,,,,,,,,
38,590,Verrucomicrobia,0.130370492,1,,,,,,,,,,,,,,,,,,,,,,,,,,,,,,,,,,,,
38,590,Other,0.084942084,1,,,,,,,,,,,,,,,,,,,,,,,,,,,,,,,,,,,,
39,597,Actinobacteria,0.013678906,1,,,,,,,,,,,,,,,,,,,,,,,,,,,,,,,,,,,,
39,597,Bacteroidetes,0.147508199,1,,,,,,,,,,,,,,,,,,,,,,,,,,,,,,,,,,,,
39,597,Cyanobacteria,0.008319334,1,,,,,,,,,,,,,,,,,,,,,,,,,,,,,,,,,,,,
39,597,Firmicutes,0.075033997,1,,,,,,,,,,,,,,,,,,,,,,,,,,,,,,,,,,,,
39,597,Planctomycetes,0.006079514,1,,,,,,,,,,,,,,,,,,,,,,,,,,,,,,,,,,,,
39,597,Proteobacteria,0.611791057,1,,,,,,,,,,,,,,,,,,,,,,,,,,,,,,,,,,,,
39,597,Verrucomicrobia,0.092552596,1,,,,,,,,,,,,,,,,,,,,,,,,,,,,,,,,,,,,
39,597,Other,0.045036397,1,,,,,,,,,,,,,,,,,,,,,,,,,,,,,,,,,,,,
40,598,Actinobacteria,0.126459144,1,,,,,,,,,,,,,,,,,,,,,,,,,,,,,,,,,,,,
40,598,Bacteroidetes,0.10311284,1,,,,,,,,,,,,,,,,,,,,,,,,,,,,,,,,,,,,
40,598,Cyanobacteria,0.035019455,1,,,,,,,,,,,,,,,,,,,,,,,,,,,,,,,,,,,,
40,598,Firmicutes,0.010700389,1,,,,,,,,,,,,,,,,,,,,,,,,,,,,,,,,,,,,
40,598,Planctomycetes,0.01848249,1,,,,,,,,,,,,,,,,,,,,,,,,,,,,,,,,,,,,
40,598,Proteobacteria,0.678988327,1,,,,,,,,,,,,,,,,,,,,,,,,,,,,,,,,,,,,
40,598,Verrucomicrobia,0.011673152,1,,,,,,,,,,,,,,,,,,,,,,,,,,,,,,,,,,,,
40,598,Other,0.015564203,1,,,,,,,,,,,,,,,,,,,,,,,,,,,,,,,,,,,,
41,607,Actinobacteria,0.000696015,1,,,,,,,,,,,,,,,,,,,,,,,,,,,,,,,,,,,,
41,607,Bacteroidetes,0.199060379,1,,,,,,,,,,,,,,,,,,,,,,,,,,,,,,,,,,,,
41,607,Cyanobacteria,0.027956615,1,,,,,,,,,,,,,,,,,,,,,,,,,,,,,,,,,,,,
41,607,Firmicutes,0.002088046,1,,,,,,,,,,,,,,,,,,,,,,,,,,,,,,,,,,,,
41,607,Planctomycetes,0,1,,,,,,,,,,,,,,,,,,,,,,,,,,,,,,,,,,,,
41,607,Proteobacteria,0.753204571,1,,,,,,,,,,,,,,,,,,,,,,,,,,,,,,,,,,,,
41,607,Verrucomicrobia,0.002436054,1,,,,,,,,,,,,,,,,,,,,,,,,,,,,,,,,,,,,
41,607,Other,0.01455832,1,,,,,,,,,,,,,,,,,,,,,,,,,,,,,,,,,,,,
42,615,Actinobacteria,0.009070909,1,,,,,,,,,,,,,,,,,,,,,,,,,,,,,,,,,,,,
42,615,Bacteroidetes,0.011914029,1,,,,,,,,,,,,,,,,,,,,,,,,,,,,,,,,,,,,
42,615,Cyanobacteria,0.00030462,1,,,,,,,,,,,,,,,,,,,,,,,,,,,,,,,,,,,,
42,615,Firmicutes,0.067185649,1,,,,,,,,,,,,,,,,,,,,,,,,,,,,,,,,,,,,
42,615,Planctomycetes,6.77E-05,1,,,,,,,,,,,,,,,,,,,,,,,,,,,,,,,,,,,,
42,615,Proteobacteria,0.900896937,1,,,,,,,,,,,,,,,,,,,,,,,,,,,,,,,,,,,,
42,615,Verrucomicrobia,0.00213234,1,,,,,,,,,,,,,,,,,,,,,,,,,,,,,,,,,,,,
42,615,Other,0.008427816,1,,,,,,,,,,,,,,,,,,,,,,,,,,,,,,,,,,,,
43,618,Actinobacteria,0.059599156,1,,,,,,,,,,,,,,,,,,,,,,,,,,,,,,,,,,,,
43,618,Bacteroidetes,0.445206282,1,,,,,,,,,,,,,,,,,,,,,,,,,,,,,,,,,,,,
43,618,Cyanobacteria,0.007852789,1,,,,,,,,,,,,,,,,,,,,,,,,,,,,,,,,,,,,
43,618,Firmicutes,0.004746835,1,,,,,,,,,,,,,,,,,,,,,,,,,,,,,,,,,,,,
43,618,Planctomycetes,0.001465073,1,,,,,,,,,,,,,,,,,,,,,,,,,,,,,,,,,,,,
43,618,Proteobacteria,0.43870136,1,,,,,,,,,,,,,,,,,,,,,,,,,,,,,,,,,,,,
43,618,Verrucomicrobia,0.018987342,1,,,,,,,,,,,,,,,,,,,,,,,,,,,,,,,,,,,,
43,618,Other,0.023441163,1,,,,,,,,,,,,,,,,,,,,,,,,,,,,,,,,,,,,
44,619,Actinobacteria,0.01693772,1,,,,,,,,,,,,,,,,,,,,,,,,,,,,,,,,,,,,
44,619,Bacteroidetes,0.144120513,1,,,,,,,,,,,,,,,,,,,,,,,,,,,,,,,,,,,,
44,619,Cyanobacteria,0.049539084,1,,,,,,,,,,,,,,,,,,,,,,,,,,,,,,,,,,,,
44,619,Firmicutes,0.013190437,1,,,,,,,,,,,,,,,,,,,,,,,,,,,,,,,,,,,,
44,619,Planctomycetes,0.035374354,1,,,,,,,,,,,,,,,,,,,,,,,,,,,,,,,,,,,,
44,619,Proteobacteria,0.527617477,1,,,,,,,,,,,,,,,,,,,,,,,,,,,,,,,,,,,,
44,619,Verrucomicrobia,0.162781983,1,,,,,,,,,,,,,,,,,,,,,,,,,,,,,,,,,,,,
44,619,Other,0.050438432,1,,,,,,,,,,,,,,,,,,,,,,,,,,,,,,,,,,,,
45,620,Actinobacteria,0.015444993,1,,,,,,,,,,,,,,,,,,,,,,,,,,,,,,,,,,,,
45,620,Bacteroidetes,0.120521585,1,,,,,,,,,,,,,,,,,,,,,,,,,,,,,,,,,,,,
45,620,Cyanobacteria,0.050301726,1,,,,,,,,,,,,,,,,,,,,,,,,,,,,,,,,,,,,
45,620,Firmicutes,0.021901507,1,,,,,,,,,,,,,,,,,,,,,,,,,,,,,,,,,,,,
45,620,Planctomycetes,0.010929654,1,,,,,,,,,,,,,,,,,,,,,,,,,,,,,,,,,,,,
45,620,Proteobacteria,0.681563067,1,,,,,,,,,,,,,,,,,,,,,,,,,,,,,,,,,,,,
45,620,Verrucomicrobia,0.056800439,1,,,,,,,,,,,,,,,,,,,,,,,,,,,,,,,,,,,,
45,620,Other,0.042537029,1,,,,,,,,,,,,,,,,,,,,,,,,,,,,,,,,,,,,
46,676,Actinobacteria,0.044342188,1,,,,,,,,,,,,,,,,,,,,,,,,,,,,,,,,,,,,
46,676,Bacteroidetes,0.112737921,1,,,,,,,,,,,,,,,,,,,,,,,,,,,,,,,,,,,,
46,676,Cyanobacteria,0.007529805,1,,,,,,,,,,,,,,,,,,,,,,,,,,,,,,,,,,,,
46,676,Firmicutes,0.01659346,1,,,,,,,,,,,,,,,,,,,,,,,,,,,,,,,,,,,,
46,676,Planctomycetes,0.035139092,1,,,,,,,,,,,,,,,,,,,,,,,,,,,,,,,,,,,,
46,676,Proteobacteria,0.654605034,1,,,,,,,,,,,,,,,,,,,,,,,,,,,,,,,,,,,,
46,676,Verrucomicrobia,0.025029631,1,,,,,,,,,,,,,,,,,,,,,,,,,,,,,,,,,,,,
46,676,Other,0.104022869,1,,,,,,,,,,,,,,,,,,,,,,,,,,,,,,,,,,,,
47,700,Actinobacteria,0.012244898,1,,,,,,,,,,,,,,,,,,,,,,,,,,,,,,,,,,,,
47,700,Bacteroidetes,0.082771713,1,,,,,,,,,,,,,,,,,,,,,,,,,,,,,,,,,,,,
47,700,Cyanobacteria,0.045847176,1,,,,,,,,,,,,,,,,,,,,,,,,,,,,,,,,,,,,
47,700,Firmicutes,0.052112008,1,,,,,,,,,,,,,,,,,,,,,,,,,,,,,,,,,,,,
47,700,Planctomycetes,0.008258187,1,,,,,,,,,,,,,,,,,,,,,,,,,,,,,,,,,,,,
47,700,Proteobacteria,0.723872805,1,,,,,,,,,,,,,,,,,,,,,,,,,,,,,,,,,,,,
47,700,Verrucomicrobia,0.015567157,1,,,,,,,,,,,,,,,,,,,,,,,,,,,,,,,,,,,,
47,700,Other,0.059326056,1,,,,,,,,,,,,,,,,,,,,,,,,,,,,,,,,,,,,
48,725,Actinobacteria,0.003925096,1,,,,,,,,,,,,,,,,,,,,,,,,,,,,,,,,,,,,
48,725,Bacteroidetes,0.077050454,1,,,,,,,,,,,,,,,,,,,,,,,,,,,,,,,,,,,,
48,725,Cyanobacteria,0.002064764,1,,,,,,,,,,,,,,,,,,,,,,,,,,,,,,,,,,,,
48,725,Firmicutes,0.029213345,1,,,,,,,,,,,,,,,,,,,,,,,,,,,,,,,,,,,,
48,725,Planctomycetes,4.09E-05,1,,,,,,,,,,,,,,,,,,,,,,,,,,,,,,,,,,,,
48,725,Proteobacteria,0.849885518,1,,,,,,,,,,,,,,,,,,,,,,,,,,,,,,,,,,,,
48,725,Verrucomicrobia,0.002596288,1,,,,,,,,,,,,,,,,,,,,,,,,,,,,,,,,,,,,
48,725,Other,0.035223635,1,,,,,,,,,,,,,,,,,,,,,,,,,,,,,,,,,,,,
49,900,Actinobacteria,0.006190493,1,,,,,,,,,,,,,,,,,,,,,,,,,,,,,,,,,,,,
49,900,Bacteroidetes,0.291460015,1,,,,,,,,,,,,,,,,,,,,,,,,,,,,,,,,,,,,
49,900,Cyanobacteria,0.003620172,1,,,,,,,,,,,,,,,,,,,,,,,,,,,,,,,,,,,,
49,900,Firmicutes,0.019910944,1,,,,,,,,,,,,,,,,,,,,,,,,,,,,,,,,,,,,
49,900,Planctomycetes,0.001556674,1,,,,,,,,,,,,,,,,,,,,,,,,,,,,,,,,,,,,
49,900,Proteobacteria,0.647865909,1,,,,,,,,,,,,,,,,,,,,,,,,,,,,,,,,,,,,
49,900,Verrucomicrobia,0.006081888,1,,,,,,,,,,,,,,,,,,,,,,,,,,,,,,,,,,,,
49,900,Other,0.023313905,1,,,,,,,,,,,,,,,,,,,,,,,,,,,,,,,,,,,,
50,972,Actinobacteria,0.052151656,1,,,,,,,,,,,,,,,,,,,,,,,,,,,,,,,,,,,,
50,972,Bacteroidetes,0.074868021,1,,,,,,,,,,,,,,,,,,,,,,,,,,,,,,,,,,,,
50,972,Cyanobacteria,0.00543913,1,,,,,,,,,,,,,,,,,,,,,,,,,,,,,,,,,,,,
50,972,Firmicutes,0.027035674,1,,,,,,,,,,,,,,,,,,,,,,,,,,,,,,,,,,,,
50,972,Planctomycetes,0.000959846,1,,,,,,,,,,,,,,,,,,,,,,,,,,,,,,,,,,,,
50,972,Proteobacteria,0.784994401,1,,,,,,,,,,,,,,,,,,,,,,,,,,,,,,,,,,,,
50,972,Verrucomicrobia,0.02287634,1,,,,,,,,,,,,,,,,,,,,,,,,,,,,,,,,,,,,
50,972,Other,0.031674932,1,,,,,,,,,,,,,,,,,,,,,,,,,,,,,,,,,,,,
51,973,Actinobacteria,0.138411519,1,,,,,,,,,,,,,,,,,,,,,,,,,,,,,,,,,,,,
51,973,Bacteroidetes,0.104040873,1,,,,,,,,,,,,,,,,,,,,,,,,,,,,,,,,,,,,
51,973,Cyanobacteria,0.046911287,1,,,,,,,,,,,,,,,,,,,,,,,,,,,,,,,,,,,,
51,973,Firmicutes,0.149094287,1,,,,,,,,,,,,,,,,,,,,,,,,,,,,,,,,,,,,
51,973,Planctomycetes,0.001857873,1,,,,,,,,,,,,,,,,,,,,,,,,,,,,,,,,,,,,
51,973,Proteobacteria,0.48583372,1,,,,,,,,,,,,,,,,,,,,,,,,,,,,,,,,,,,,
51,973,Verrucomicrobia,0.067347887,1,,,,,,,,,,,,,,,,,,,,,,,,,,,,,,,,,,,,
51,973,Other,0.006502554,1,,,,,,,,,,,,,,,,,,,,,,,,,,,,,,,,,,,,
52,975,Actinobacteria,0.077738516,1,,,,,,,,,,,,,,,,,,,,,,,,,,,,,,,,,,,,
52,975,Bacteroidetes,0.08635159,1,,,,,,,,,,,,,,,,,,,,,,,,,,,,,,,,,,,,
52,975,Cyanobacteria,0.06360424,1,,,,,,,,,,,,,,,,,,,,,,,,,,,,,,,,,,,,
52,975,Firmicutes,0.005300353,1,,,,,,,,,,,,,,,,,,,,,,,,,,,,,,,,,,,,
52,975,Planctomycetes,0.003091873,1,,,,,,,,,,,,,,,,,,,,,,,,,,,,,,,,,,,,
52,975,Proteobacteria,0.742270318,1,,,,,,,,,,,,,,,,,,,,,,,,,,,,,,,,,,,,
52,975,Verrucomicrobia,0.01590106,1,,,,,,,,,,,,,,,,,,,,,,,,,,,,,,,,,,,,
52,975,Other,0.00574205,1,,,,,,,,,,,,,,,,,,,,,,,,,,,,,,,,,,,,
53,978,Actinobacteria,0.023633575,1,,,,,,,,,,,,,,,,,,,,,,,,,,,,,,,,,,,,
53,978,Bacteroidetes,0.110220301,1,,,,,,,,,,,,,,,,,,,,,,,,,,,,,,,,,,,,
53,978,Cyanobacteria,0.032487451,1,,,,,,,,,,,,,,,,,,,,,,,,,,,,,,,,,,,,
53,978,Firmicutes,0.024051868,1,,,,,,,,,,,,,,,,,,,,,,,,,,,,,,,,,,,,
53,978,Planctomycetes,0.023494144,1,,,,,,,,,,,,,,,,,,,,,,,,,,,,,,,,,,,,
53,978,Proteobacteria,0.621653653,1,,,,,,,,,,,,,,,,,,,,,,,,,,,,,,,,,,,,
53,978,Verrucomicrobia,0.064626325,1,,,,,,,,,,,,,,,,,,,,,,,,,,,,,,,,,,,,
53,978,Other,0.099832683,1,,,,,,,,,,,,,,,,,,,,,,,,,,,,,,,,,,,,
54,1931,Actinobacteria,0.076029103,1,,,,,,,,,,,,,,,,,,,,,,,,,,,,,,,,,,,,
54,1931,Bacteroidetes,0.096855315,1,,,,,,,,,,,,,,,,,,,,,,,,,,,,,,,,,,,,
54,1931,Cyanobacteria,0.023023585,1,,,,,,,,,,,,,,,,,,,,,,,,,,,,,,,,,,,,
54,1931,Firmicutes,0.082254993,1,,,,,,,,,,,,,,,,,,,,,,,,,,,,,,,,,,,,
54,1931,Planctomycetes,0.026417306,1,,,,,,,,,,,,,,,,,,,,,,,,,,,,,,,,,,,,
54,1931,Proteobacteria,0.561672933,1,,,,,,,,,,,,,,,,,,,,,,,,,,,,,,,,,,,,
54,1931,Verrucomicrobia,0.023170077,1,,,,,,,,,,,,,,,,,,,,,,,,,,,,,,,,,,,,
54,1931,Other,0.110576688,1,,,,,,,,,,,,,,,,,,,,,,,,,,,,,,,,,,,,
55,1932,Actinobacteria,0.000848745,1,,,,,,,,,,,,,,,,,,,,,,,,,,,,,,,,,,,,
55,1932,Bacteroidetes,0.087331368,1,,,,,,,,,,,,,,,,,,,,,,,,,,,,,,,,,,,,
55,1932,Cyanobacteria,0.005583847,1,,,,,,,,,,,,,,,,,,,,,,,,,,,,,,,,,,,,
55,1932,Firmicutes,0.165907263,1,,,,,,,,,,,,,,,,,,,,,,,,,,,,,,,,,,,,
55,1932,Planctomycetes,0.000536049,1,,,,,,,,,,,,,,,,,,,,,,,,,,,,,,,,,,,,
55,1932,Proteobacteria,0.689359421,1,,,,,,,,,,,,,,,,,,,,,,,,,,,,,,,,,,,,
55,1932,Verrucomicrobia,0.010274279,1,,,,,,,,,,,,,,,,,,,,,,,,,,,,,,,,,,,,
55,1932,Other,0.040159028,1,,,,,,,,,,,,,,,,,,,,,,,,,,,,,,,,,,,,
56,3333,Actinobacteria,0.060469157,1,,,,,,,,,,,,,,,,,,,,,,,,,,,,,,,,,,,,
56,3333,Bacteroidetes,0.096046916,1,,,,,,,,,,,,,,,,,,,,,,,,,,,,,,,,,,,,
56,3333,Cyanobacteria,0.070851434,1,,,,,,,,,,,,,,,,,,,,,,,,,,,,,,,,,,,,
56,3333,Firmicutes,0.008514335,1,,,,,,,,,,,,,,,,,,,,,,,,,,,,,,,,,,,,
56,3333,Planctomycetes,0.033709818,1,,,,,,,,,,,,,,,,,,,,,,,,,,,,,,,,,,,,
56,3333,Proteobacteria,0.544352737,1,,,,,,,,,,,,,,,,,,,,,,,,,,,,,,,,,,,,
56,3333,Verrucomicrobia,0.159991312,1,,,,,,,,,,,,,,,,,,,,,,,,,,,,,,,,,,,,
56,3333,Other,0.026064291,1,,,,,,,,,,,,,,,,,,,,,,,,,,,,,,,,,,,,
57,3922,Actinobacteria,0.010503999,1,,,,,,,,,,,,,,,,,,,,,,,,,,,,,,,,,,,,
57,3922,Bacteroidetes,0.054832803,1,,,,,,,,,,,,,,,,,,,,,,,,,,,,,,,,,,,,
57,3922,Cyanobacteria,0.003951046,1,,,,,,,,,,,,,,,,,,,,,,,,,,,,,,,,,,,,
57,3922,Firmicutes,0.043461501,1,,,,,,,,,,,,,,,,,,,,,,,,,,,,,,,,,,,,
57,3922,Planctomycetes,0.001541871,1,,,,,,,,,,,,,,,,,,,,,,,,,,,,,,,,,,,,
57,3922,Proteobacteria,0.846583791,1,,,,,,,,,,,,,,,,,,,,,,,,,,,,,,,,,,,,
57,3922,Verrucomicrobia,0.006263853,1,,,,,,,,,,,,,,,,,,,,,,,,,,,,,,,,,,,,
57,3922,Other,0.032861136,1,,,,,,,,,,,,,,,,,,,,,,,,,,,,,,,,,,,,
58,4022,Actinobacteria,0.024974171,1,,,,,,,,,,,,,,,,,,,,,,,,,,,,,,,,,,,,
58,4022,Bacteroidetes,0.113327871,1,,,,,,,,,,,,,,,,,,,,,,,,,,,,,,,,,,,,
58,4022,Cyanobacteria,0.007802202,1,,,,,,,,,,,,,,,,,,,,,,,,,,,,,,,,,,,,
58,4022,Firmicutes,0.40347002,1,,,,,,,,,,,,,,,,,,,,,,,,,,,,,,,,,,,,
58,4022,Planctomycetes,0.005237094,1,,,,,,,,,,,,,,,,,,,,,,,,,,,,,,,,,,,,
58,4022,Proteobacteria,0.382771029,1,,,,,,,,,,,,,,,,,,,,,,,,,,,,,,,,,,,,
58,4022,Verrucomicrobia,0.015996295,1,,,,,,,,,,,,,,,,,,,,,,,,,,,,,,,,,,,,
58,4022,Other,0.046421318,1,,,,,,,,,,,,,,,,,,,,,,,,,,,,,,,,,,,,
59,4130,Actinobacteria,0.042265923,1,,,,,,,,,,,,,,,,,,,,,,,,,,,,,,,,,,,,
59,4130,Bacteroidetes,0.09539184,1,,,,,,,,,,,,,,,,,,,,,,,,,,,,,,,,,,,,
59,4130,Cyanobacteria,0.012914588,1,,,,,,,,,,,,,,,,,,,,,,,,,,,,,,,,,,,,
59,4130,Firmicutes,0.008365131,1,,,,,,,,,,,,,,,,,,,,,,,,,,,,,,,,,,,,
59,4130,Planctomycetes,0.019665395,1,,,,,,,,,,,,,,,,,,,,,,,,,,,,,,,,,,,,
59,4130,Proteobacteria,0.710962724,1,,,,,,,,,,,,,,,,,,,,,,,,,,,,,,,,,,,,
59,4130,Verrucomicrobia,0.052245377,1,,,,,,,,,,,,,,,,,,,,,,,,,,,,,,,,,,,,
59,4130,Other,0.058189022,1,,,,,,,,,,,,,,,,,,,,,,,,,,,,,,,,,,,,
60,8301,Actinobacteria,0.002632074,1,,,,,,,,,,,,,,,,,,,,,,,,,,,,,,,,,,,,
60,8301,Bacteroidetes,0.090806543,1,,,,,,,,,,,,,,,,,,,,,,,,,,,,,,,,,,,,
60,8301,Cyanobacteria,0.018236511,1,,,,,,,,,,,,,,,,,,,,,,,,,,,,,,,,,,,,
60,8301,Firmicutes,0.024064674,1,,,,,,,,,,,,,,,,,,,,,,,,,,,,,,,,,,,,
60,8301,Planctomycetes,0.004324121,1,,,,,,,,,,,,,,,,,,,,,,,,,,,,,,,,,,,,
60,8301,Proteobacteria,0.80071442,1,,,,,,,,,,,,,,,,,,,,,,,,,,,,,,,,,,,,
60,8301,Verrucomicrobia,0.0107163,1,,,,,,,,,,,,,,,,,,,,,,,,,,,,,,,,,,,,
60,8301,Other,0.048505357,1,,,,,,,,,,,,,,,,,,,,,,,,,,,,,,,,,,,,
61,9007,Actinobacteria,0.083924391,1,,,,,,,,,,,,,,,,,,,,,,,,,,,,,,,,,,,,
61,9007,Bacteroidetes,0.097725446,1,,,,,,,,,,,,,,,,,,,,,,,,,,,,,,,,,,,,
61,9007,Cyanobacteria,0.093986933,1,,,,,,,,,,,,,,,,,,,,,,,,,,,,,,,,,,,,
61,9007,Firmicutes,0.015373327,1,,,,,,,,,,,,,,,,,,,,,,,,,,,,,,,,,,,,
61,9007,Planctomycetes,0.02029978,1,,,,,,,,,,,,,,,,,,,,,,,,,,,,,,,,,,,,
61,9007,Proteobacteria,0.55071451,1,,,,,,,,,,,,,,,,,,,,,,,,,,,,,,,,,,,,
61,9007,Verrucomicrobia,0.066349883,1,,,,,,,,,,,,,,,,,,,,,,,,,,,,,,,,,,,,
61,9007,Other,0.07162573,1,,,,,,,,,,,,,,,,,,,,,,,,,,,,,,,,,,,,
62,9009,Actinobacteria,0.027075408,1,,,,,,,,,,,,,,,,,,,,,,,,,,,,,,,,,,,,
62,9009,Bacteroidetes,0.096665921,1,,,,,,,,,,,,,,,,,,,,,,,,,,,,,,,,,,,,
62,9009,Cyanobacteria,0.002013873,1,,,,,,,,,,,,,,,,,,,,,,,,,,,,,,,,,,,,
62,9009,Firmicutes,0.005370329,1,,,,,,,,,,,,,,,,,,,,,,,,,,,,,,,,,,,,
62,9009,Planctomycetes,0.016558514,1,,,,,,,,,,,,,,,,,,,,,,,,,,,,,,,,,,,,
62,9009,Proteobacteria,0.753188633,1,,,,,,,,,,,,,,,,,,,,,,,,,,,,,,,,,,,,
62,9009,Verrucomicrobia,0.034012083,1,,,,,,,,,,,,,,,,,,,,,,,,,,,,,,,,,,,,
62,9009,Other,0.065115239,1,,,,,,,,,,,,,,,,,,,,,,,,,,,,,,,,,,,,
63,9014,Actinobacteria,0.024054983,1,,,,,,,,,,,,,,,,,,,,,,,,,,,,,,,,,,,,
63,9014,Bacteroidetes,0.118986254,1,,,,,,,,,,,,,,,,,,,,,,,,,,,,,,,,,,,,
63,9014,Cyanobacteria,0.003178694,1,,,,,,,,,,,,,,,,,,,,,,,,,,,,,,,,,,,,
63,9014,Firmicutes,0.07628866,1,,,,,,,,,,,,,,,,,,,,,,,,,,,,,,,,,,,,
63,9014,Planctomycetes,0.00524055,1,,,,,,,,,,,,,,,,,,,,,,,,,,,,,,,,,,,,
63,9014,Proteobacteria,0.692268041,1,,,,,,,,,,,,,,,,,,,,,,,,,,,,,,,,,,,,
63,9014,Verrucomicrobia,0.025945017,1,,,,,,,,,,,,,,,,,,,,,,,,,,,,,,,,,,,,
63,9014,Other,0.054037801,1,,,,,,,,,,,,,,,,,,,,,,,,,,,,,,,,,,,,
64,9019,Actinobacteria,0.012605688,1,,,,,,,,,,,,,,,,,,,,,,,,,,,,,,,,,,,,
64,9019,Bacteroidetes,0.074942352,1,,,,,,,,,,,,,,,,,,,,,,,,,,,,,,,,,,,,
64,9019,Cyanobacteria,0.025980015,1,,,,,,,,,,,,,,,,,,,,,,,,,,,,,,,,,,,,
64,9019,Firmicutes,0.079477325,1,,,,,,,,,,,,,,,,,,,,,,,,,,,,,,,,,,,,
64,9019,Planctomycetes,0.00699462,1,,,,,,,,,,,,,,,,,,,,,,,,,,,,,,,,,,,,
64,9019,Proteobacteria,0.743735588,1,,,,,,,,,,,,,,,,,,,,,,,,,,,,,,,,,,,,
64,9019,Verrucomicrobia,0.015910838,1,,,,,,,,,,,,,,,,,,,,,,,,,,,,,,,,,,,,
64,9019,Other,0.040353574,1,,,,,,,,,,,,,,,,,,,,,,,,,,,,,,,,,,,,
65,9098,Actinobacteria,0.019981139,1,,,,,,,,,,,,,,,,,,,,,,,,,,,,,,,,,,,,
65,9098,Bacteroidetes,0.068814099,1,,,,,,,,,,,,,,,,,,,,,,,,,,,,,,,,,,,,
65,9098,Cyanobacteria,0.087262761,1,,,,,,,,,,,,,,,,,,,,,,,,,,,,,,,,,,,,
65,9098,Firmicutes,0.02254509,1,,,,,,,,,,,,,,,,,,,,,,,,,,,,,,,,,,,,
65,9098,Planctomycetes,0.014499587,1,,,,,,,,,,,,,,,,,,,,,,,,,,,,,,,,,,,,
65,9098,Proteobacteria,0.607744902,1,,,,,,,,,,,,,,,,,,,,,,,,,,,,,,,,,,,,
65,9098,Verrucomicrobia,0.060326535,1,,,,,,,,,,,,,,,,,,,,,,,,,,,,,,,,,,,,
65,9098,Other,0.118825887,1,,,,,,,,,,,,,,,,,,,,,,,,,,,,,,,,,,,,
66,9601,Actinobacteria,0.06154351,1,,,,,,,,,,,,,,,,,,,,,,,,,,,,,,,,,,,,
66,9601,Bacteroidetes,0.172399391,1,,,,,,,,,,,,,,,,,,,,,,,,,,,,,,,,,,,,
66,9601,Cyanobacteria,0.099639032,1,,,,,,,,,,,,,,,,,,,,,,,,,,,,,,,,,,,,
66,9601,Firmicutes,0.058082993,1,,,,,,,,,,,,,,,,,,,,,,,,,,,,,,,,,,,,
66,9601,Planctomycetes,0.013513917,1,,,,,,,,,,,,,,,,,,,,,,,,,,,,,,,,,,,,
66,9601,Proteobacteria,0.507204439,1,,,,,,,,,,,,,,,,,,,,,,,,,,,,,,,,,,,,
66,9601,Verrucomicrobia,0.027206826,1,,,,,,,,,,,,,,,,,,,,,,,,,,,,,,,,,,,,
66,9601,Other,0.060409892,1,,,,,,,,,,,,,,,,,,,,,,,,,,,,,,,,,,,,
67,9970,Actinobacteria,0.008184047,1,,,,,,,,,,,,,,,,,,,,,,,,,,,,,,,,,,,,
67,9970,Bacteroidetes,0.067244956,1,,,,,,,,,,,,,,,,,,,,,,,,,,,,,,,,,,,,
67,9970,Cyanobacteria,0.00267773,1,,,,,,,,,,,,,,,,,,,,,,,,,,,,,,,,,,,,
67,9970,Firmicutes,0.018480106,1,,,,,,,,,,,,,,,,,,,,,,,,,,,,,,,,,,,,
67,9970,Planctomycetes,0.000829719,1,,,,,,,,,,,,,,,,,,,,,,,,,,,,,,,,,,,,
67,9970,Proteobacteria,0.874410711,1,,,,,,,,,,,,,,,,,,,,,,,,,,,,,,,,,,,,
67,9970,Verrucomicrobia,0.012747501,1,,,,,,,,,,,,,,,,,,,,,,,,,,,,,,,,,,,,
67,9970,Other,0.01542523,1,,,,,,,,,,,,,,,,,,,,,,,,,,,,,,,,,,,,
68,9971,Actinobacteria,0.076347305,1,,,,,,,,,,,,,,,,,,,,,,,,,,,,,,,,,,,,
68,9971,Bacteroidetes,0.076418591,1,,,,,,,,,,,,,,,,,,,,,,,,,,,,,,,,,,,,
68,9971,Cyanobacteria,0.006914742,1,,,,,,,,,,,,,,,,,,,,,,,,,,,,,,,,,,,,
68,9971,Firmicutes,0.025235244,1,,,,,,,,,,,,,,,,,,,,,,,,,,,,,,,,,,,,
68,9971,Planctomycetes,0.01603935,1,,,,,,,,,,,,,,,,,,,,,,,,,,,,,,,,,,,,
68,9971,Proteobacteria,0.719988594,1,,,,,,,,,,,,,,,,,,,,,,,,,,,,,,,,,,,,
68,9971,Verrucomicrobia,0.033575706,1,,,,,,,,,,,,,,,,,,,,,,,,,,,,,,,,,,,,
68,9971,Other,0.045480468,1,,,,,,,,,,,,,,,,,,,,,,,,,,,,,,,,,,,,
69,81,Actinobacteria,0.064950309,2,,,,,,,,,,,,,,,,,,,,,,,,,,,,,,,,,,,,
69,81,Bacteroidetes,0.061585414,2,,,,,,,,,,,,,,,,,,,,,,,,,,,,,,,,,,,,
69,81,Cyanobacteria,0.154315674,2,,,,,,,,,,,,,,,,,,,,,,,,,,,,,,,,,,,,
69,81,Firmicutes,0.004147429,2,,,,,,,,,,,,,,,,,,,,,,,,,,,,,,,,,,,,
69,81,Planctomycetes,0.002817122,2,,,,,,,,,,,,,,,,,,,,,,,,,,,,,,,,,,,,
69,81,Proteobacteria,0.558259645,2,,,,,,,,,,,,,,,,,,,,,,,,,,,,,,,,,,,,
69,81,Verrucomicrobia,0.138899757,2,,,,,,,,,,,,,,,,,,,,,,,,,,,,,,,,,,,,
69,81,Other,0.01502465,2,,,,,,,,,,,,,,,,,,,,,,,,,,,,,,,,,,,,
70,164,Actinobacteria,0.062430673,2,,,,,,,,,,,,,,,,,,,,,,,,,,,,,,,,,,,,
70,164,Bacteroidetes,0.028358553,2,,,,,,,,,,,,,,,,,,,,,,,,,,,,,,,,,,,,
70,164,Cyanobacteria,0.706243067,2,,,,,,,,,,,,,,,,,,,,,,,,,,,,,,,,,,,,
70,164,Firmicutes,0.006006572,2,,,,,,,,,,,,,,,,,,,,,,,,,,,,,,,,,,,,
70,164,Planctomycetes,0.024465792,2,,,,,,,,,,,,,,,,,,,,,,,,,,,,,,,,,,,,
70,164,Proteobacteria,0.08308742,2,,,,,,,,,,,,,,,,,,,,,,,,,,,,,,,,,,,,
70,164,Verrucomicrobia,0.058830916,2,,,,,,,,,,,,,,,,,,,,,,,,,,,,,,,,,,,,
70,164,Other,0.030577007,2,,,,,,,,,,,,,,,,,,,,,,,,,,,,,,,,,,,,
71,218,Actinobacteria,0.00258889,2,,,,,,,,,,,,,,,,,,,,,,,,,,,,,,,,,,,,
71,218,Bacteroidetes,0.016414663,2,,,,,,,,,,,,,,,,,,,,,,,,,,,,,,,,,,,,
71,218,Cyanobacteria,0.832025118,2,,,,,,,,,,,,,,,,,,,,,,,,,,,,,,,,,,,,
71,218,Firmicutes,5.51E-05,2,,,,,,,,,,,,,,,,,,,,,,,,,,,,,,,,,,,,
71,218,Planctomycetes,0.002974469,2,,,,,,,,,,,,,,,,,,,,,,,,,,,,,,,,,,,,
71,218,Proteobacteria,0.079952629,2,,,,,,,,,,,,,,,,,,,,,,,,,,,,,,,,,,,,
71,218,Verrucomicrobia,0.06521799,2,,,,,,,,,,,,,,,,,,,,,,,,,,,,,,,,,,,,
71,218,Other,0.000771141,2,,,,,,,,,,,,,,,,,,,,,,,,,,,,,,,,,,,,
72,243,Actinobacteria,0.085649736,2,,,,,,,,,,,,,,,,,,,,,,,,,,,,,,,,,,,,
72,243,Bacteroidetes,0.12724412,2,,,,,,,,,,,,,,,,,,,,,,,,,,,,,,,,,,,,
72,243,Cyanobacteria,0.445878888,2,,,,,,,,,,,,,,,,,,,,,,,,,,,,,,,,,,,,
72,243,Firmicutes,0.016419898,2,,,,,,,,,,,,,,,,,,,,,,,,,,,,,,,,,,,,
72,243,Planctomycetes,0.00302578,2,,,,,,,,,,,,,,,,,,,,,,,,,,,,,,,,,,,,
72,243,Proteobacteria,0.266107234,2,,,,,,,,,,,,,,,,,,,,,,,,,,,,,,,,,,,,
72,243,Verrucomicrobia,0.021624239,2,,,,,,,,,,,,,,,,,,,,,,,,,,,,,,,,,,,,
72,243,Other,0.034050105,2,,,,,,,,,,,,,,,,,,,,,,,,,,,,,,,,,,,,
73,249,Actinobacteria,0.016943068,2,,,,,,,,,,,,,,,,,,,,,,,,,,,,,,,,,,,,
73,249,Bacteroidetes,0.011630411,2,,,,,,,,,,,,,,,,,,,,,,,,,,,,,,,,,,,,
73,249,Cyanobacteria,0.671117812,2,,,,,,,,,,,,,,,,,,,,,,,,,,,,,,,,,,,,
73,249,Firmicutes,0.004020389,2,,,,,,,,,,,,,,,,,,,,,,,,,,,,,,,,,,,,
73,249,Planctomycetes,0.016153349,2,,,,,,,,,,,,,,,,,,,,,,,,,,,,,,,,,,,,
73,249,Proteobacteria,0.252494795,2,,,,,,,,,,,,,,,,,,,,,,,,,,,,,,,,,,,,
73,249,Verrucomicrobia,0.009476631,2,,,,,,,,,,,,,,,,,,,,,,,,,,,,,,,,,,,,
73,249,Other,0.018163545,2,,,,,,,,,,,,,,,,,,,,,,,,,,,,,,,,,,,,
74,397,Actinobacteria,0.135960194,2,,,,,,,,,,,,,,,,,,,,,,,,,,,,,,,,,,,,
74,397,Bacteroidetes,0.067912856,2,,,,,,,,,,,,,,,,,,,,,,,,,,,,,,,,,,,,
74,397,Cyanobacteria,0.358122647,2,,,,,,,,,,,,,,,,,,,,,,,,,,,,,,,,,,,,
74,397,Firmicutes,0.033889188,2,,,,,,,,,,,,,,,,,,,,,,,,,,,,,,,,,,,,
74,397,Planctomycetes,0.002286175,2,,,,,,,,,,,,,,,,,,,,,,,,,,,,,,,,,,,,
74,397,Proteobacteria,0.287116729,2,,,,,,,,,,,,,,,,,,,,,,,,,,,,,,,,,,,,
74,397,Verrucomicrobia,0.076923077,2,,,,,,,,,,,,,,,,,,,,,,,,,,,,,,,,,,,,
74,397,Other,0.037789134,2,,,,,,,,,,,,,,,,,,,,,,,,,,,,,,,,,,,,
75,583,Actinobacteria,0.024266006,2,,,,,,,,,,,,,,,,,,,,,,,,,,,,,,,,,,,,
75,583,Bacteroidetes,0.05737531,2,,,,,,,,,,,,,,,,,,,,,,,,,,,,,,,,,,,,
75,583,Cyanobacteria,0.251644853,2,,,,,,,,,,,,,,,,,,,,,,,,,,,,,,,,,,,,
75,583,Firmicutes,0.04039618,2,,,,,,,,,,,,,,,,,,,,,,,,,,,,,,,,,,,,
75,583,Planctomycetes,0.018040325,2,,,,,,,,,,,,,,,,,,,,,,,,,,,,,,,,,,,,
75,583,Proteobacteria,0.537460205,2,,,,,,,,,,,,,,,,,,,,,,,,,,,,,,,,,,,,
75,583,Verrucomicrobia,0.030491687,2,,,,,,,,,,,,,,,,,,,,,,,,,,,,,,,,,,,,
75,583,Other,0.040325434,2,,,,,,,,,,,,,,,,,,,,,,,,,,,,,,,,,,,,
76,584,Actinobacteria,0.056146394,2,,,,,,,,,,,,,,,,,,,,,,,,,,,,,,,,,,,,
76,584,Bacteroidetes,0.103681378,2,,,,,,,,,,,,,,,,,,,,,,,,,,,,,,,,,,,,
76,584,Cyanobacteria,0.521722282,2,,,,,,,,,,,,,,,,,,,,,,,,,,,,,,,,,,,,
76,584,Firmicutes,0.00335845,2,,,,,,,,,,,,,,,,,,,,,,,,,,,,,,,,,,,,
76,584,Planctomycetes,0.008051668,2,,,,,,,,,,,,,,,,,,,,,,,,,,,,,,,,,,,,
76,584,Proteobacteria,0.238966631,2,,,,,,,,,,,,,,,,,,,,,,,,,,,,,,,,,,,,
76,584,Verrucomicrobia,0.058385361,2,,,,,,,,,,,,,,,,,,,,,,,,,,,,,,,,,,,,
76,584,Other,0.009687836,2,,,,,,,,,,,,,,,,,,,,,,,,,,,,,,,,,,,,
77,715,Actinobacteria,0.110985369,2,,,,,,,,,,,,,,,,,,,,,,,,,,,,,,,,,,,,
77,715,Bacteroidetes,0.055856438,2,,,,,,,,,,,,,,,,,,,,,,,,,,,,,,,,,,,,
77,715,Cyanobacteria,0.169186,2,,,,,,,,,,,,,,,,,,,,,,,,,,,,,,,,,,,,
77,715,Firmicutes,0.011074287,2,,,,,,,,,,,,,,,,,,,,,,,,,,,,,,,,,,,,
77,715,Planctomycetes,0.041306281,2,,,,,,,,,,,,,,,,,,,,,,,,,,,,,,,,,,,,
77,715,Proteobacteria,0.540134185,2,,,,,,,,,,,,,,,,,,,,,,,,,,,,,,,,,,,,
77,715,Verrucomicrobia,0.050683049,2,,,,,,,,,,,,,,,,,,,,,,,,,,,,,,,,,,,,
77,715,Other,0.020774391,2,,,,,,,,,,,,,,,,,,,,,,,,,,,,,,,,,,,,
78,718,Actinobacteria,0.070600273,2,,,,,,,,,,,,,,,,,,,,,,,,,,,,,,,,,,,,
78,718,Bacteroidetes,0.044594134,2,,,,,,,,,,,,,,,,,,,,,,,,,,,,,,,,,,,,
78,718,Cyanobacteria,0.573584584,2,,,,,,,,,,,,,,,,,,,,,,,,,,,,,,,,,,,,
78,718,Firmicutes,0.002216917,2,,,,,,,,,,,,,,,,,,,,,,,,,,,,,,,,,,,,
78,718,Planctomycetes,0.027881992,2,,,,,,,,,,,,,,,,,,,,,,,,,,,,,,,,,,,,
78,718,Proteobacteria,0.239768076,2,,,,,,,,,,,,,,,,,,,,,,,,,,,,,,,,,,,,
78,718,Verrucomicrobia,0.023362892,2,,,,,,,,,,,,,,,,,,,,,,,,,,,,,,,,,,,,
78,718,Other,0.017991132,2,,,,,,,,,,,,,,,,,,,,,,,,,,,,,,,,,,,,
79,719,Actinobacteria,0.086184635,2,,,,,,,,,,,,,,,,,,,,,,,,,,,,,,,,,,,,
79,719,Bacteroidetes,0.083763719,2,,,,,,,,,,,,,,,,,,,,,,,,,,,,,,,,,,,,
79,719,Cyanobacteria,0.321255649,2,,,,,,,,,,,,,,,,,,,,,,,,,,,,,,,,,,,,
79,719,Firmicutes,0.013153648,2,,,,,,,,,,,,,,,,,,,,,,,,,,,,,,,,,,,,
79,719,Planctomycetes,0.032520981,2,,,,,,,,,,,,,,,,,,,,,,,,,,,,,,,,,,,,
79,719,Proteobacteria,0.362088444,2,,,,,,,,,,,,,,,,,,,,,,,,,,,,,,,,,,,,
79,719,Verrucomicrobia,0.040671401,2,,,,,,,,,,,,,,,,,,,,,,,,,,,,,,,,,,,,
79,719,Other,0.060361523,2,,,,,,,,,,,,,,,,,,,,,,,,,,,,,,,,,,,,
80,724,Actinobacteria,0.012041254,2,,,,,,,,,,,,,,,,,,,,,,,,,,,,,,,,,,,,
80,724,Bacteroidetes,0.017224229,2,,,,,,,,,,,,,,,,,,,,,,,,,,,,,,,,,,,,
80,724,Cyanobacteria,0.895398147,2,,,,,,,,,,,,,,,,,,,,,,,,,,,,,,,,,,,,
80,724,Firmicutes,0,2,,,,,,,,,,,,,,,,,,,,,,,,,,,,,,,,,,,,
80,724,Planctomycetes,0.004921208,2,,,,,,,,,,,,,,,,,,,,,,,,,,,,,,,,,,,,
80,724,Proteobacteria,0.053007696,2,,,,,,,,,,,,,,,,,,,,,,,,,,,,,,,,,,,,
80,724,Verrucomicrobia,0.014318622,2,,,,,,,,,,,,,,,,,,,,,,,,,,,,,,,,,,,,
80,724,Other,0.003088844,2,,,,,,,,,,,,,,,,,,,,,,,,,,,,,,,,,,,,
81,969,Actinobacteria,0.047702322,2,,,,,,,,,,,,,,,,,,,,,,,,,,,,,,,,,,,,
81,969,Bacteroidetes,0.128048188,2,,,,,,,,,,,,,,,,,,,,,,,,,,,,,,,,,,,,
81,969,Cyanobacteria,0.2696007,2,,,,,,,,,,,,,,,,,,,,,,,,,,,,,,,,,,,,
81,969,Firmicutes,0.00427475,2,,,,,,,,,,,,,,,,,,,,,,,,,,,,,,,,,,,,
81,969,Planctomycetes,0.030214709,2,,,,,,,,,,,,,,,,,,,,,,,,,,,,,,,,,,,,
81,969,Proteobacteria,0.403380939,2,,,,,,,,,,,,,,,,,,,,,,,,,,,,,,,,,,,,
81,969,Verrucomicrobia,0.069853298,2,,,,,,,,,,,,,,,,,,,,,,,,,,,,,,,,,,,,
81,969,Other,0.046925094,2,,,,,,,,,,,,,,,,,,,,,,,,,,,,,,,,,,,,
82,2041,Actinobacteria,0.112372006,2,,,,,,,,,,,,,,,,,,,,,,,,,,,,,,,,,,,,
82,2041,Bacteroidetes,0.08004901,2,,,,,,,,,,,,,,,,,,,,,,,,,,,,,,,,,,,,
82,2041,Cyanobacteria,0.394673123,2,,,,,,,,,,,,,,,,,,,,,,,,,,,,,,,,,,,,
82,2041,Firmicutes,0.006563785,2,,,,,,,,,,,,,,,,,,,,,,,,,,,,,,,,,,,,
82,2041,Planctomycetes,0.028851483,2,,,,,,,,,,,,,,,,,,,,,,,,,,,,,,,,,,,,
82,2041,Proteobacteria,0.334578022,2,,,,,,,,,,,,,,,,,,,,,,,,,,,,,,,,,,,,
82,2041,Verrucomicrobia,0.023921351,2,,,,,,,,,,,,,,,,,,,,,,,,,,,,,,,,,,,,
82,2041,Other,0.01899122,2,,,,,,,,,,,,,,,,,,,,,,,,,,,,,,,,,,,,
83,3262,Actinobacteria,0.20607122,2,,,,,,,,,,,,,,,,,,,,,,,,,,,,,,,,,,,,
83,3262,Bacteroidetes,0.1558669,2,,,,,,,,,,,,,,,,,,,,,,,,,,,,,,,,,,,,
83,3262,Cyanobacteria,0.157618214,2,,,,,,,,,,,,,,,,,,,,,,,,,,,,,,,,,,,,
83,3262,Firmicutes,0.036777583,2,,,,,,,,,,,,,,,,,,,,,,,,,,,,,,,,,,,,
83,3262,Planctomycetes,0.008756567,2,,,,,,,,,,,,,,,,,,,,,,,,,,,,,,,,,,,,
83,3262,Proteobacteria,0.379451255,2,,,,,,,,,,,,,,,,,,,,,,,,,,,,,,,,,,,,
83,3262,Verrucomicrobia,0.04028021,2,,,,,,,,,,,,,,,,,,,,,,,,,,,,,,,,,,,,
83,3262,Other,0.015178051,2,,,,,,,,,,,,,,,,,,,,,,,,,,,,,,,,,,,,
84,3921,Actinobacteria,0.040041365,2,,,,,,,,,,,,,,,,,,,,,,,,,,,,,,,,,,,,
84,3921,Bacteroidetes,0.075449845,2,,,,,,,,,,,,,,,,,,,,,,,,,,,,,,,,,,,,
84,3921,Cyanobacteria,0.279503619,2,,,,,,,,,,,,,,,,,,,,,,,,,,,,,,,,,,,,
84,3921,Firmicutes,0.003557394,2,,,,,,,,,,,,,,,,,,,,,,,,,,,,,,,,,,,,
84,3921,Planctomycetes,0.073050672,2,,,,,,,,,,,,,,,,,,,,,,,,,,,,,,,,,,,,
84,3921,Proteobacteria,0.354374354,2,,,,,,,,,,,,,,,,,,,,,,,,,,,,,,,,,,,,
84,3921,Verrucomicrobia,0.117642192,2,,,,,,,,,,,,,,,,,,,,,,,,,,,,,,,,,,,,
84,3921,Other,0.056380559,2,,,,,,,,,,,,,,,,,,,,,,,,,,,,,,,,,,,,
85,8300,Actinobacteria,0.061025224,2,,,,,,,,,,,,,,,,,,,,,,,,,,,,,,,,,,,,
85,8300,Bacteroidetes,0.019934906,2,,,,,,,,,,,,,,,,,,,,,,,,,,,,,,,,,,,,
85,8300,Cyanobacteria,0.350691619,2,,,,,,,,,,,,,,,,,,,,,,,,,,,,,,,,,,,,
85,8300,Firmicutes,0.013628967,2,,,,,,,,,,,,,,,,,,,,,,,,,,,,,,,,,,,,
85,8300,Planctomycetes,0.093368592,2,,,,,,,,,,,,,,,,,,,,,,,,,,,,,,,,,,,,
85,8300,Proteobacteria,0.434906428,2,,,,,,,,,,,,,,,,,,,,,,,,,,,,,,,,,,,,
85,8300,Verrucomicrobia,0.010374288,2,,,,,,,,,,,,,,,,,,,,,,,,,,,,,,,,,,,,
85,8300,Other,0.016069976,2,,,,,,,,,,,,,,,,,,,,,,,,,,,,,,,,,,,,
86,8512,Actinobacteria,0.01026219,2,,,,,,,,,,,,,,,,,,,,,,,,,,,,,,,,,,,,
86,8512,Bacteroidetes,0.044251987,2,,,,,,,,,,,,,,,,,,,,,,,,,,,,,,,,,,,,
86,8512,Cyanobacteria,0.612350219,2,,,,,,,,,,,,,,,,,,,,,,,,,,,,,,,,,,,,
86,8512,Firmicutes,0.01749911,2,,,,,,,,,,,,,,,,,,,,,,,,,,,,,,,,,,,,
86,8512,Planctomycetes,0.002491399,2,,,,,,,,,,,,,,,,,,,,,,,,,,,,,,,,,,,,
86,8512,Proteobacteria,0.279985763,2,,,,,,,,,,,,,,,,,,,,,,,,,,,,,,,,,,,,
86,8512,Verrucomicrobia,0.014829754,2,,,,,,,,,,,,,,,,,,,,,,,,,,,,,,,,,,,,
86,8512,Other,0.018329578,2,,,,,,,,,,,,,,,,,,,,,,,,,,,,,,,,,,,,